"Descrizione";"Indirizzo";"Comune";"Provincia";"Raggio di validità (in metri)";"Tipologia di scansione accettata";"Stampa tag"
"1 MAG - SAN MAURO PASCOLI";"VIA FEDERICO FELLINI, 75";"SAN MAURO PASCOLI";"FORLI E CESENA";"100";"Qualsiasi";""
"101 - RIMINI VIA FLAMINIA";"VIA FLAMINIA, 403";"RIMINI";"RIMINI";"100";"Qualsiasi";""
"101 - RIMINI VIA ITALIA";"VIA ITALIA, 33";"RIMINI";"RIMINI";"100";"Qualsiasi";""
"101 - SAN GIOVANNI IN MARIGNANO";"VIA DEGLI IPPOCASTANI,, 5";"SAN GIOVANNI IN MARIGNANO";"RIMINI";"300";"Qualsiasi";""
"3C - RIMINI";"CIRCONVALLAZIONE NUOVA, 27";"RIMINI";"RIMINI";"100";"Qualsiasi";""
"ACER CONDOMINIO VIA PASCOLI - RIMINI";"PASCOLI, SNC";"RIMINI";"RIMINI";"200";"Qualsiasi";""
"ACER VIA NOVELLI 13 - RIMINI";"NOVELLI , 13";"RIMINI";"RIMINI";"100";"Qualsiasi";""
"ACR DI REGGIANI - RIMINI";"RAIBANO, 32";"CORIANO";"RIMINI";"100";"Qualsiasi";""
"ACROBATIC - RICCIONE";"MARTINELLI, 21";"RICCIONE";"RIMINI";"100";"Qualsiasi";""
"ADRIA ASPIRAZIONI - TAVULLIA";"VIA PIRANO, 10";"TAVULLIA";"PESARO E URBINO";"100";"Qualsiasi";""
"ADRIA CONGREX CSR - RIMINI";"VIA SASSONIA, 30";"RIMINI";"RIMINI";"100";"Qualsiasi";""
"ADRIACOOP - RIMINI - SOSTITUZIONI";"DINA SASSOLI, 24";"RIMINI";"RIMINI";"100";"Qualsiasi";""
"AIRIMINUM - RIMINI AEROPORTO FELLINI";"VIA FLAMINIA, 409";"RIMINI";"RIMINI";"100";"Qualsiasi";""
"AIRIMINUM - RIMINI CASERMA VIGILI DEL FUOCO";"VIA BERNARDINO VARISCO, 1/A";"RIMINI";"RIMINI";"100";"Qualsiasi";""
"AKRON - CORIANO";"RAIBANO, 32";"CORIANO";"RIMINI";"100";"Qualsiasi";""
"ALBATROS DARSENA - RIMINI";"VIA ORTIGARA, 63";"RIMINI";"RIMINI";"100";"Qualsiasi";""
"ALEA FASHION INDUSTRIES - SAVIGNANO";"VIA EMILIA OVEST, 83";"SAVIGNANO SUL RUBICONE";"FORLI E CESENA";"100";"Qualsiasi";""
"ALIMENTA - RICCIONE VIA DEL PROGRESSO, 4/6";"VIA DEL PROGRESSO, 4/6";"RICCIONE";"RIMINI";"100";"Qualsiasi";""
"ALIMENTA - RICCIONE VIA DELL'INDUSTRIA, 11";"VIA DELL'INDUSTRIA, SNC";"RICCIONE";"RIMINI";"150";"Qualsiasi";""
"ALIMENTA - SALUDECIO VIA DEL LAVORO, 60";"VIA DEL LAVORO, 60";"SALUDECIO";"RIMINI";"100";"Qualsiasi";""
"ALKA SERVIZI - RIMINI";"VIA BIDENTE, 1/B";"RIMINI";"RIMINI";"100";"Qualsiasi";""
"ALMA CARIM - PALESTRE - RIMINI";"CUNEO, SNC";"RIMINI";"RIMINI";"100";"Qualsiasi";""
"ALMA CASA DEL VOLLEY - PALESTRE - RIMINI";"BIDENTE, 41";"RIMINI";"RIMINI";"100";"Qualsiasi";""
"ALMA EUTERPE- PALESTRE - RIMINI";"EUTERPE, 5";"RIMINI";"RIMINI";"100";"Qualsiasi";""
"ALMA MATER - AULE MONTASPRO FORLI - PRESIDIO";"luciano montaspro, 97";"FORLI'";"FORLI E CESENA";"200";"Qualsiasi";""
"ALMA MATER - LABIC FORLI - PRESIDIO";"giacomo della torre, 1";"FORLI'";"FORLI E CESENA";"200";"Qualsiasi";""
"ALMA MATER - TEACHING HUB FORLI - PRESIDIO";"francesco corridoni, 20";"FORLI'";"FORLI E CESENA";"200";"Qualsiasi";""
"ALMA MATER STUDIORUM - FAENZA VIA DELLE CERAMICHE";"DELLE CERAMICHE, 21";"FAENZA";"RAVENNA";"100";"Qualsiasi";""
"ALTUS - GUESS RICCIONE";"CECCARINI, 91";"RICCIONE";"RIMINI";"100";"Qualsiasi";""
"ALUMINOX - VILLAMARINA";"VIA SAN TOMMASO, 12";"CESENATICO";"FORLI E CESENA";"100";"Qualsiasi";""
"AMIR - RIMINI";"VIA DARIO CAMPANA, 63";"RIMINI";"RIMINI";"100";"Qualsiasi";""
"ANAUNIA - SANTARCANGELO";"DEL GRANO, 235";"SANTARCANGELO DI ROMAGNA";"RIMINI";"100";"Qualsiasi";""
"ANTHEA - RIMINI";"PIAZZALE KENNEDY, SNC";"RIMINI";"RIMINI";"100";"Qualsiasi";""
"ANTICA CUCINA BIO - RIMINI";"PIETRARUBBIA, 25M";"RIMINI";"RIMINI";"100";"Qualsiasi";""
"ANTINCENDIO RIMINESE - RIMINI - PULIZIE CONTINUATIVE";"VIA TOSCA , 59";"RIMINI";"RIMINI";"100";"Qualsiasi";""
"APIUSTUDIO - RIMINI";"PORTO PALOS, 17";"RIMINI";"RIMINI";"100";"Qualsiasi";""
"ARCHIVIO DI STATO - FANO";"CASTRACANE, 1";"FANO";"PESARO E URBINO";"100";"Qualsiasi";""
"ARCHIVIO DI STATO - PESARO";"DELLA NEVIERA, 44";"PESARO";"PESARO E URBINO";"100";"Qualsiasi";""
"ARCHIVIO DI STATO - RIMINI";"PIAZZETTA SAN BERNARDINO , 1";"RIMINI";"RIMINI";"300";"Qualsiasi";""
"ARCHIVIO DI STATO - URBINO";"PIANO S. LUCIA, 40";"URBINO";"PESARO E URBINO";"100";"Qualsiasi";""
"AREA GIOCHI - PUNTADIFERRO FORLI' - PULIZIE CONTINUATIVE";"PIAZZALE DELLA COOPERAZIONE , 2";"FORLI'";"FORLI E CESENA";"100";"Qualsiasi";""
"ASSOCIAZIONE ARCOBALENO - RICCIONE";"VIA GIACINTO MARTINELLI, 21";"RICCIONE";"RIMINI";"100";"Qualsiasi";""
"AUDIO TRE - RIMINI";"EDELWEISS RODRIGUEZ SENIOR, 3";"RIMINI";"RIMINI";"100";"Qualsiasi";""
"AUTOMOBILE CLUB ITALIA - RIMINI";"VIA ITALIA, 31";"RIMINI";"RIMINI";"100";"Qualsiasi";""
"AUTOTRASPORTI GIANNETTI - MISANO";"VIA TAVOLETO, 43";"MISANO ADRIATICO";"RIMINI";"100";"Qualsiasi";""
"BANCA MALATESTIANA  - LONGIANO";"DELLA SOLIDARIETA', 8";"LONGIANO";"FORLI E CESENA";"300";"Qualsiasi";""
"BANCA MALATESTIANA - ALBA RICCIONE";"EMILIA, 62";"RICCIONE";"RIMINI";"100";"Qualsiasi";""
"BANCA MALATESTIANA - CATTOLICA";"DEL PORTO, SNC";"CATTOLICA";"RIMINI";"100";"Qualsiasi";""
"BANCA MALATESTIANA - CELLE";"XXIII SETTEMBRE, 125";"RIMINI";"RIMINI";"100";"Qualsiasi";""
"BANCA MALATESTIANA - FONTANELLE";"SICILIA, 51";"RICCIONE";"RIMINI";"100";"Qualsiasi";""
"BANCA MALATESTIANA - GROTTA ROSSA";"DELLA GAZZELLA, 23";"RIMINI";"RIMINI";"100";"Qualsiasi";""
"BANCA MALATESTIANA - ITTICO";"VIA SINISTRA DEL PORTO, 82A";"RIMINI";"RIMINI";"100";"Qualsiasi";""
"BANCA MALATESTIANA - MARECCHIESE";"MARECCHIESE, 131";"RIMINI";"RIMINI";"100";"Qualsiasi";""
"BANCA MALATESTIANA - MISANO ADRIATICO";"TAVOLETO, 3A";"MISANO ADRIATICO";"RIMINI";"100";"Qualsiasi";""
"BANCA MALATESTIANA - MORCIANO";"ROMA, 59";"MORCIANO DI ROMAGNA";"RIMINI";"100";"Qualsiasi";""
"BANCA MALATESTIANA - NOVAFELTRIA";"XXIV MAGGIO , 81";"NOVAFELTRIA";"RIMINI";"100";"Qualsiasi";""
"BANCA MALATESTIANA - PALAZZO GHETTI - PIANI SUPERIORI";"XX SETTEMBRE, 63";"RIMINI";"RIMINI";"100";"Qualsiasi";""
"BANCA MALATESTIANA - PESARO";"FIUME, 24";"PESARO";"PESARO E URBINO";"100";"Qualsiasi";""
"BANCA MALATESTIANA - POGGIO TORRIANA";"SANTARCANGIOLESE, 3102";"POGGIO TORRIANA";"RIMINI";"100";"Qualsiasi";""
"BANCA MALATESTIANA - POLO ADRIATICO";"DEL COMMERCIO , 2";"RICCIONE";"RIMINI";"100";"Qualsiasi";""
"BANCA MALATESTIANA - RIO SALSO";"TRONTO, 6";"TAVULLIA";"PESARO E URBINO";"100";"Qualsiasi";""
"BANCA MALATESTIANA - RIVABELLA";"COLETTI, 143";"RIMINI";"RIMINI";"100";"Qualsiasi";""
"BANCA MALATESTIANA - RIVAZZURA";"DEI MARTIRI, 58";"RIMINI";"RIMINI";"100";"Qualsiasi";""
"BANCA MALATESTIANA - S. GIOVANNI IN MARIGNANO";"VITTORIO VENETO, 15M";"SAN GIOVANNI IN MARIGNANO";"RIMINI";"100";"Qualsiasi";""
"BANCA MALATESTIANA - SALUDECIO";"SANTA MARIA DEL MONTE, 638C";"SALUDECIO";"RIMINI";"100";"Qualsiasi";""
"BANCA MALATESTIANA - SAN VITO";"PARETO, 1";"RIMINI";"RIMINI";"100";"Qualsiasi";""
"BANCA MALATESTIANA - SANTA GIUSTINA";"EMILIA, 379";"RIMINI";"RIMINI";"100";"Qualsiasi";""
"BANCA MALATESTIANA - SANTARCANGELO";"PASCOLI, 19";"SANTARCANGELO DI ROMAGNA";"RIMINI";"100";"Qualsiasi";""
"BANCA MALATESTIANA - TORRE PEDRERA";"SAN SALVADOR, 51";"RIMINI";"RIMINI";"100";"Qualsiasi";""
"BANCA MALATESTIANA - VISERBA";"JOHN LENNON, 3";"RIMINI";"RIMINI";"100";"Qualsiasi";""
"BANCA MALATESTIANA CSR - CORIANO";"GARIBALDI, 119";"CORIANO";"RIMINI";"100";"Qualsiasi";""
"BANCA MALATESTIANA CSR - FLAMINIA";"FLAMINIA CONCA, 80";"RIMINI";"RIMINI";"100";"Qualsiasi";""
"BANCA MALATESTIANA CSR - IV NOVEMBRE";"IV NOVEMBRE, 37";"RIMINI";"RIMINI";"100";"Qualsiasi";""
"BANCA MALATESTIANA CSR - OSPEDALETTO";"PIAZZA GRAMSCI, 1";"CORIANO";"RIMINI";"100";"Qualsiasi";""
"BANCA MALATESTIANA CSR - PALAZZO GHETTI FILIALE - CORTILE INTERNO";"XX SETTEMBRE, 63";"RIMINI";"RIMINI";"100";"Qualsiasi";""
"BANCA MALATESTIANA CSR - PALAZZO GHETTI SEDE - PIANO TERRA E SUPERIORI";"XX SETTEMBRE , 63";"RIMINI";"RIMINI";"100";"Qualsiasi";""
"BANCA MALATESTIANA CSR - VILLA VERUCCHIO";"TENUTA AMALIA, 1";"RIMINI";"RIMINI";"100";"Qualsiasi";""
"BANDINI - FORLI";"VIA GRADAMORA, 19";"FORLI'";"FORLI E CESENA";"100";"Qualsiasi";""
"BANDINI - IMOLA";"VIALE GIUSEPPE DI VITTORIO, 70";"IMOLA";"BOLOGNA";"100";"Qualsiasi";""
"BANDINI - MORDANO";"VIA PAGNINA, 16";"MORDANO";"BOLOGNA";"100";"Qualsiasi";""
"BARTORELLI GIOIELLERIA CSR - RICCIONE";"DANTE, 53";"RICCIONE";"RIMINI";"100";"Qualsiasi";""
"BEAUTY LUXURY - RIMINI";"FLAMINIA, 300";"RIMINI";"RIMINI";"100";"Qualsiasi";""
"BEFANE - RIMINI ";"CADUTI DI NASSIRYA, 20";"RIMINI";"RIMINI";"200";"Qualsiasi";""
"BENNET - ACQUI TERME";"SAVONA, 90/92";"ACQUI TERME";"ALESSANDRIA";"100";"Qualsiasi";""
"BENNET - ALESSANDRIA LOC. ASTUTI";"VIA TORINO, 26";"ALESSANDRIA";"ALESSANDRIA";"150";"Qualsiasi";""
"BENNET - BELFORTE MONFERRATO";"VIA MOLINO, 1";"BELFORTE MONFERRATO";"ALESSANDRIA";"150";"Qualsiasi";""
"BENNET - CASTELVETRO PIACENTINO";"VIA BELLINA, 4";"CASTELVETRO PIACENTINO";"PIACENZA";"150";"Qualsiasi";""
"BENNET - CENTO";"VIA MATTEO LOVES, 2";"CENTO";"FERRARA";"100";"Qualsiasi";""
"BENNET - COLLE UMBERTO";"VIA CALATE, 13";"COLLE UMBERTO";"TREVISO";"200";"Qualsiasi";""
"BENNET - COMACCHIO";"VIA VALLE DELL'ISOLA, 9";"COMACCHIO";"FERRARA";"150";"Qualsiasi";""
"BENNET - FORLIMPOPOLI";"VIA XXV OTTOBRE, 4";"FORLIMPOPOLI";"FORLI E CESENA";"150";"Qualsiasi";""
"BENNET - PIEVE DI SOLIGO";"VIA DEGLI ARTIGIANI, 426";"PIEVE DI SOLIGO";"TREVISO";"100";"Qualsiasi";""
"BENNET - PRADAMANO";"VIA NAZIONALE, 108";"PRADAMANO";"UDINE";"200";"Qualsiasi";""
"BENNET - SACILE";"VIALE EUROPA, 1";"SACILE";"PORDENONE";"150";"Qualsiasi";""
"BIBLIOTECA D'ARTE DEI MUSEI CIVICI - PESARO";"VIA ROSSINI, 37";"PESARO";"PESARO E URBINO";"100";"Qualsiasi";""
"BIBLIOTECA E ARCHIVIO VITTORIO BOBBATO - PESARO";"GALLERIA DEI FONDITORI, 64";"PESARO";"PESARO E URBINO";"100";"Qualsiasi";""
"BIBLIOTECA LOUIS BRAILLE - PESARO";"PIAZZALE EUROPA, 16";"PESARO";"PESARO E URBINO";"100";"Qualsiasi";""
"BIBLIOTECA PEPPINO IMPASTATO - PESARO";"VIA DELLA CONCORDIA, S.N.";"PESARO";"PESARO E URBINO";"100";"Qualsiasi";""
"BIBLIOTECA RODARI - PESARO - PORITERATO";"DELL'INDIPENDENZA, S.N.";"PESARO";"PESARO E URBINO";"100";"Qualsiasi";""
"BIBLIOTECA SAN GIOVANNI - PESARO";"VIA G. PASSERI, 102";"PESARO";"PESARO E URBINO";"100";"Qualsiasi";""
"BIBLIOTECA UMBERTO SPADONI - PESARO";"LARGO VOLONTARI DEL SANGUE, 9";"PESARO";"PESARO E URBINO";"100";"Qualsiasi";""
"BIOCLEAN - TANGIBLE - SANTARCANGELO";"EMILIA, 3009";"SANTARCANGELO DI ROMAGNA";"RIMINI";"100";"Qualsiasi";""
"BOFROST - RIMINI - PULIZIE CONTINUATIVE";"VECCHIA EMILIA, 75";"RIMINI";"RIMINI";"100";"Qualsiasi";""
"BONZAI - MONTALETTO CERVIA";"DELL'INDUSTRIA, 6";"CERVIA";"RAVENNA";"100";"Qualsiasi";""
"BRN VILLAGE - FORLIMPOPOLI";"GIORGIO AMENDOLA, 22";"FORLIMPOPOLI";"FORLI E CESENA";"200";"Qualsiasi";""
"BULL BIKES - DUCATI - MISANO";"ADRIATICA, 169";"MISANO ADRIATICO";"RIMINI";"100";"Qualsiasi";""
"CA' PELLETTI - BOLOGNA";"ALTABELLA, 15C";"BOLOGNA";"BOLOGNA";"300";"Qualsiasi";""
"CAAR - RIMINI";"VECCHIA EMILIA, 75";"RIMINI";"RIMINI";"100";"Qualsiasi";""
"CAEM SVILUPPO - MISANO ADRIATICO";"CELLA RAIBANO, 33A";"RIMINI";"RIMINI";"300";"Qualsiasi";""
"CAEM SVILUPPO - RIMINI";"DELLA MARTORA, 2";"RIMINI";"RIMINI";"300";"Qualsiasi";""
"CAEM SVILUPPO - SANTARCANGELO";"MORIGI, 65";"SANTARCANGELO DI ROMAGNA";"RIMINI";"300";"Qualsiasi";""
"CAEM SVILUPPO - TALAMELLO";"FIUME, 10/A";"TALAMELLO";"RIMINI";"300";"Qualsiasi";""
"CALZATURIFICIO CASADEI - GIUNTERIA - SAN MAURO";"RIO SALTO, 11";"SAN MAURO PASCOLI";"FORLI E CESENA";"300";"Qualsiasi";""
"CALZATURIFICIO CASADEI - SEDE - SAN MAURO ";"XX SETTEMBRE , 87";"SAN MAURO PASCOLI";"FORLI E CESENA";"300";"Qualsiasi";""
"CALZATURIFICIO CASADEI - SPEDIZIONI - SAN MAURO";"RUFFILLI, 11";"SAN MAURO PASCOLI";"FORLI E CESENA";"300";"Qualsiasi";""
"CALZATURIFICIO CATIA - SAN MAURO";"PIAZZA UMBERTO NOBILE, 3";"SAN MAURO PASCOLI";"FORLI E CESENA";"100";"Qualsiasi";""
"CAMPUS RAVENNA - CASA TRAVERSARI VIA S.VITALE";"SAN VITALE, 28";"RAVENNA";"RAVENNA";"100";"Qualsiasi";""
"CAMPUS RAVENNA - COORDINAMENTO ALTRI CAMPUS";"DINA SASSOLI, 24";"RIMINI";"RIMINI";"100";"Qualsiasi";""
"CAMPUS RAVENNA - EX ASILO INFANTILE VIA TOMBESI";"TOMBESI DALL'OVA, 55";"RAVENNA";"RAVENNA";"100";"Qualsiasi";""
"CAMPUS RAVENNA - FAENZA VIA GRANAROLO";"GRANAROLO, 62";"FAENZA";"RAVENNA";"100";"Qualsiasi";""
"CAMPUS RAVENNA - LAUREE CASA MATHA";"piazza andrea costa, 3";"RAVENNA";"RAVENNA";"100";"Qualsiasi";""
"CAMPUS RAVENNA - OSPEDALE SANTA MARIA DELLE CROCI";"Viale Vincenzo Randi, , 5";"RAVENNA";"RAVENNA";"200";"Qualsiasi";""
"CAMPUS RAVENNA - PALAZZO CONGRESSI";"LARGO FIRENZE, 1";"RAVENNA";"RAVENNA";"100";"Qualsiasi";""
"CAMPUS RAVENNA - PALAZZO CORRADINI";"MARIANI, 5";"RAVENNA";"RAVENNA";"100";"Qualsiasi";""
"CAMPUS RAVENNA - PALAZZO SANTACROCE VIA GUACCIMANNI";"GUACCIMANNI, 42";"RAVENNA";"RAVENNA";"100";"Qualsiasi";""
"CAMPUS RAVENNA - PALAZZO STROCCHI VIA DEGLI ARIANI";"ARIANI, 1";"RAVENNA";"RAVENNA";"100";"Qualsiasi";""
"CAMPUS RAVENNA - PALAZZO VERDI VIA PASOLINI";"PASOLINI, 23";"RAVENNA";"RAVENNA";"100";"Qualsiasi";""
"CAMPUS RAVENNA - SEMINARIO ARCIVESCOVILE VIA OBERDAN";"OBERDAN, 1";"RAVENNA";"RAVENNA";"100";"Qualsiasi";""
"CAMPUS RAVENNA - VIA S.ALBERTO";"SAN ALBERTO, 163";"RAVENNA";"RAVENNA";"100";"Qualsiasi";""
"CAMST CSR - SCUOLA ELEMENTARE CAMERANO POGGIO TORRIANA";"MACELLO DI CAMERANO, 581";"POGGIO TORRIANA";"RIMINI";"100";"Qualsiasi";""
"CAMST CSR - SCUOLA ELEMENTARE MARINO MORETTI SANTO MARINO";"SANTARCANGIOLESE, 5470";"POGGIO TORRIANA";"RIMINI";"100";"Qualsiasi";""
"CARROZZERIA ROMA - RIMINI";"CLERICI, 9";"RIMINI";"RIMINI";"100";"Qualsiasi";""
"CASCATA DELLE MARMORE";"CONTE MENOTTI, 15";"";"TERNI";"500";"Qualsiasi";""
"CEMI SCUOLA SUZUKI - RIMINI";"DARIO CAMPANA, 65";"RIMINI";"RIMINI";"100";"Qualsiasi";""
"CENTRO DI RACCOLTA CSR - RICCIONE VIA LOMBARDIA";"LOMBARDIA, SNC";"RICCIONE";"RIMINI";"100";"Qualsiasi";""
"CENTRO DI RACCOLTA CSR - RIMINI VIA MACANNO";"MACANNO, 3";"RIMINI";"RIMINI";"100";"Qualsiasi";""
"CERAMICA DEL CONCA CSR - SAN CLEMENTE";"VIA CROCE, 8";"SAN CLEMENTE";"RIMINI";"100";"Qualsiasi";""
"CHE FINESTRE - CATTOLICA";"EMILIA ROMAGNA, 164";"CATTOLICA";"RIMINI";"100";"Qualsiasi";""
"CHE FINESTRE - POGGIO TORRIANA";"SANTARCANGIOLESE, 3034";"POGGIO TORRIANA";"RIMINI";"100";"Qualsiasi";""
"CHIESA SAN GASPARE - RIMINI";"SANTA CHIARA , 23";"RIMINI";"RIMINI";"300";"Qualsiasi";""
"CIACCI BARBARA - RIMINI";"CAIROLI, 23";"RIMINI";"RIMINI";"100";"Qualsiasi";""
"CIBA BROKERS - RIMINI - PULIZIE CONTINUATIVE";"CADUTI DI MARZABOTTO, 38";"RIMINI";"RIMINI";"150";"Qualsiasi";""
"CILS - EMMEFOOD - SAN MAURO PASCOLI";"VENA, 30";"SAN MAURO PASCOLI";"FORLI E CESENA";"100";"Qualsiasi";""
"CIRCOLO VELICO - RIMINI";"DESTRA DEL PORTO, 147B";"RIMINI";"RIMINI";"100";"Qualsiasi";""
"CIT SERVICE - RIMINI";"ROMANIA, 7";"RIMINI";"RIMINI";"100";"Qualsiasi";""
"CMA 2000 - CORIANO";"CESARE PAVESE, 22";"CORIANO";"RIMINI";"100";"Qualsiasi";""
"CNA - BELLARIA";"ORAZIO, 128";"BELLARIA-IGEA MARINA";"RIMINI";"100";"Qualsiasi";""
"CNA - NOVAFELTRIA";"25 APRILE, 1/B";"NOVAFELTRIA";"RIMINI";"100";"Qualsiasi";""
"CNA - RICCIONE";"CECCARINI, 163";"RICCIONE";"RIMINI";"100";"Qualsiasi";""
"CNA - RIMINI";"PIAZZALE TOSI, 4";"RIMINI";"RIMINI";"100";"Qualsiasi";""
"CNA - SANTARCANGELO";"TOGLIATTI, 17";"SANTARCANGELO DI ROMAGNA";"RIMINI";"100";"Qualsiasi";""
"CNA - SANTARCANGELO CENTRO TEOREMA";"VIA TOSI, 318";"SANTARCANGELO DI ROMAGNA";"RIMINI";"100";"Qualsiasi";""
"CNS - ARIA - CORSO ITALIA 52 MILANO";"CORSO ITALIA, 52";"MILANO";"MILANO";"100";"Qualsiasi";""
"CNS - ARIA - VIA CONCA DEL NAVIGLIO 45 MILANO";"CONCA DEL NAVIGLIO, 45";"MILANO";"MILANO";"100";"Qualsiasi";""
"CNS - ARIA - VIA JUVARA 22 MILANO";"JUVARA, 22";"MILANO";"MILANO";"100";"Qualsiasi";""
"CNS - ARIA - VIA STATUTO 5 MILANO";"STATUTO, 5";"MILANO";"MILANO";"100";"Qualsiasi";""
"CNS - COMUNE MILANO - ALZAIA NAVIGLIO PAVESE 16";"ALZAIA NAVIGLIO PAVESE, 16";"MILANO";"MILANO";"300";"Qualsiasi";""
"CNS - COMUNE MILANO - CORSO XXII MARZO 12";"CORSO XXII MARZO, 12";"MILANO";"MILANO";"100";"Qualsiasi";""
"CNS - COMUNE MILANO - IST.COM. VIA GIACOSA 46";"GIACOSA, 46";"MILANO";"MILANO";"100";"Qualsiasi";""
"CNS - COMUNE MILANO - IST.COM. VIA PADOVA 69";"PADOVA, 69";"MILANO";"MILANO";"100";"Qualsiasi";""
"CNS - COMUNE MILANO - PALAZZO MARINO P. SCALA 2";"PIAZZA DELLA SCALA, 2";"MILANO";"MILANO";"100";"Qualsiasi";""
"CNS - COMUNE MILANO - POLO VIA DELEDDA 11";"GRAZIA DELEDDA, 11";"MILANO";"MILANO";"100";"Qualsiasi";""
"CNS - COMUNE MILANO - TEMPIO S.SEBASTIANO V.TORINO";"TORINO, 28";"MILANO";"MILANO";"100";"Qualsiasi";""
"CNS - COMUNE MILANO - UFFICI VIA DURANDO 38A";"DURANDO , 38A";"MILANO";"MILANO";"200";"Qualsiasi";""
"CNS - COMUNE MILANO - UFFICI VIA LARGA 12";"LARGA, 12";"MILANO";"MILANO";"100";"Qualsiasi";""
"CNS - COMUNE MILANO - UFFICI VIA SILE 8";"SILE, 8";"MILANO";"MILANO";"100";"Qualsiasi";""
"CNS - COMUNE MILANO - VIA ALEX VISCONTI 18";"ALEX VISCONTI, 18";"MILANO";"MILANO";"100";"Qualsiasi";""
"CNS - COMUNE MILANO - VIA BERNARDINO VERRO 87";"BERNARDINO VERRO, 87";"MILANO";"MILANO";"300";"Qualsiasi";""
"CNS - COMUNE MILANO - VIA BEROLDO 9";"BEROLDO, 9";"MILANO";"MILANO";"100";"Qualsiasi";""
"CNS - COMUNE MILANO - VIA DOGANA 2";"DOGANA, 2";"MILANO";"MILANO";"300";"Qualsiasi";""
"CNS - COMUNE MILANO - VIA FRIULI 30";"FRIULI, 30";"MILANO";"MILANO";"300";"Qualsiasi";""
"CNS - COMUNE MILANO - VIA G.B. VICO 18 - PORTIERATO";"G.B. VICO , 18";"MILANO";"MILANO";"300";"Qualsiasi";""
"CNS - COMUNE MILANO - VIA GIUSTI 42";"GIUSTI , 42";"MILANO";"MILANO";"100";"Qualsiasi";""
"CNS - COMUNE MILANO - VIA MURILLO 17";"MURILLO, 17";"MILANO";"MILANO";"100";"Qualsiasi";""
"CNS - COMUNE MILANO - VIA PALMIERI 20";"PALMIERI, 20";"MILANO";"MILANO";"300";"Qualsiasi";""
"CNS - COMUNE MILANO - VIA PAREA 26";"PAREA, 26";"MILANO";"MILANO";"300";"Qualsiasi";""
"CNS - COMUNE MILANO - VIA PEPE 40";"PEPE, 40";"MILANO";"MILANO";"100";"Qualsiasi";""
"CNS - COMUNE MILANO - VIA SAVONA 66";"SAVONA, 66";"MILANO";"MILANO";"300";"Qualsiasi";""
"CNS - COMUNE MILANO - VILLA SCHEIBLER VIA ORSINI";"FELICE ORSINI, 21";"MILANO";"MILANO";"100";"Qualsiasi";""
"CNS - UNIVERSITA' MILANO - FONDAZIONE UNIMI";"ORTLES, 22/4";"MILANO";"MILANO";"300";"Qualsiasi";""
"CNS - UNIVERSITA' MILANO - PIAZZA S. ALESSANDRO 1";"PIAZZA S. ALESSANDRO, 1";"MILANO";"MILANO";"100";"Qualsiasi";""
"CNS - UNIVERSITA' MILANO - VIA BRERA 28";"BRERA, 28";"MILANO";"MILANO";"100";"Qualsiasi";""
"CNS - UNIVERSITA' MILANO - VIA DELLA COMMENDA 19";"DELLA COMMENDA , 19";"MILANO";"MILANO";"100";"Qualsiasi";""
"CNS - UNIVERSITA' MILANO - VIA FESTA DEL PERDONO 7";"FESTA DEL PERDONO, 7";"MILANO";"MILANO";"100";"Qualsiasi";""
"CNS - UNIVERSITA' MILANO - VIA MERCALLI 23";"MERCALLI, 23";"MILANO";"MILANO";"300";"Qualsiasi";""
"CNS - UNIVERSITA' MILANO - VIA PACE 10";"PACE, 10";"MILANO";"MILANO";"100";"Qualsiasi";""
"CNS - UNIVERSITA' MILANO - VIA S. ANTONIO 12";"S. ANTONIO, 12";"MILANO";"MILANO";"100";"Qualsiasi";""
"COCCI LUCIANO - CORIANO";"MARENELLO, 1";"CORIANO";"RIMINI";"100";"Qualsiasi";""
"COCCO & GIGANTE - RIMINI - PULIZIE CONTINUATIVE";"RODRIGUEZ, 13";"RIMINI";"RIMINI";"100";"Qualsiasi";""
"COLORIFICIO MP - RIMINI VIA GRANDI";"GRANDI, SNC";"RIMINI";"RIMINI";"100";"Qualsiasi";""
"COLORIFICIO MP - RIMINI VIA PASTORE";"GIULIO PASTORE, 2";"RIMINI";"RIMINI";"200";"Qualsiasi";""
"COMUNE - OFFIDA - PULIZIE CONTINUATIVE";"CORSO SERPENTE AUREO, 66";"OFFIDA";"ASCOLI PICENO";"200";"Qualsiasi";""
"COMUNE DI BELLARIA CSR - BELLARIA";"PIAZZA DEL POPOLO, 1";"BELLARIA-IGEA MARINA";"RIMINI";"100";"Qualsiasi";""
"COMUNE DI RIMINI - CENTRO ESTIVO GALEONE";"SACRAMORA, 52";"RIMINI";"RIMINI";"300";"Qualsiasi";""
"CONDOMINIO 696 - VIA ROSMINI BELLARIA";"ROSMINI, 5";"BELLARIA-IGEA MARINA";"RIMINI";"100";"Qualsiasi";""
"CONDOMINIO CASTORE - RIMINI";"CASTORE, 19";"RIMINI";"RIMINI";"100";"Qualsiasi";""
"CONDOMINIO DIAMANTE - VIA BELTRAMI VISERBA";"BELTRAMI, 18";"RIMINI";"RIMINI";"100";"Qualsiasi";""
"CONDOMINIO DON MILANI - SAVIGNANO - PULIZIE CONTINUATIVE";"DON MILANI, 31";"SAVIGNANO SUL RUBICONE";"FORLI E CESENA";"200";"Qualsiasi";""
"CONDOMINIO GAROFANO - RIMINI";"VIA DEL GAROFANO, 3";"RIMINI";"RIMINI";"100";"Qualsiasi";""
"CONDOMINIO IMAGINE - VIA SARTI RIMINI";"SARTI, 9";"RIMINI";"RIMINI";"100";"Qualsiasi";""
"CONDOMINIO PALACONGRESSI - RICCIONE";"VIRGILIO, 17";"RICCIONE";"RIMINI";"100";"Qualsiasi";""
"CONDOMINIO RICASOLI - RIMINI";"TRIPOLI, 129";"RIMINI";"RIMINI";"100";"Qualsiasi";""
"CONDOMINIO SMERALDO - SANTARCANGELO - PULIZIE CONTINUATIVE";"GIUSEPPE DI VITTORIO, 32";"SANTARCANGELO DI ROMAGNA";"RIMINI";"150";"Qualsiasi";""
"CONDOMINIO TERMINUS - RIMINI";"PORTO PALOS, 3";"RIMINI";"RIMINI";"300";"Qualsiasi";""
"CONDOMINIO TONIOLO - SAN VITO - PULIZIE CONTINUATIVE";"TONIOLO, 34";"RIMINI";"RIMINI";"200";"Qualsiasi";""
"CONDOMINIO VIA TERRACINI - VILLA VERUCCHIO";"TERRACINI, 11";"VERUCCHIO";"RIMINI";"300";"Qualsiasi";""
"CONDOMINIO VILLA MARIA VARLA - VIA MASSAUA RIMINI";"MASSAUA, 1";"RIMINI";"RIMINI";"100";"Qualsiasi";""
"CONDOMINIO ZANGHERI 79 - SAVIGNANO - PULIZIE CONTINUATIVE ";"ZANGHERI, 79";"SAVIGNANO SUL RUBICONE";"FORLI E CESENA";"300";"Qualsiasi";""
"CONDOMINIO ZANGHERI 89 - SAVIGNANO - PULIZIE CONTINUATIVE ";"ZANGHERI, 89";"SAVIGNANO SUL RUBICONE";"FORLI E CESENA";"300";"Qualsiasi";""
"CONSORZIO GROUP SERVICE - FIERE";"DINA SASSOLI, 24";"RIMINI";"RIMINI";"100";"Qualsiasi";""
"CONSORZIO GROUP SERVICE - RIMINI";"ORSOLETO , 236";"RIMINI";"RIMINI";"100";"Qualsiasi";""
"CONSORZIO LOGICA - RIMINI";"VIA UNGHERIA, 3";"RIMINI";"RIMINI";"100";"Qualsiasi";""
"CONSORZIO PUNTADIFERRO - FORLI'";"PIAZZALE DELLA COOPERAZIONE, 4";"FORLI'";"FORLI E CESENA";"200";"Qualsiasi";""
"CONSULENZA PER L'IMPRESA - RIMINI";"SOLERI BRANCALEONI, 6";"RIMINI";"RIMINI";"100";"Qualsiasi";""
"COOPERATIVA LAVORATORI DEL MARE - RICCIONE";"CARDUCCI, 18";"RICCIONE";"RIMINI";"100";"Qualsiasi";""
"COOPERATIVA LAVORATORI DEL MARE - RIMINI";"FRATELLI LEURINI, 1";"RIMINI";"RIMINI";"100";"Qualsiasi";""
"CTA - RIMINI";"RODRIGUEZ, 3";"RIMINI";"RIMINI";"300";"Qualsiasi";""
"D21.4 - SANTARCANGELO";"PIAZZA MARINI, 32";"SANTARCANGELO DI ROMAGNA";"RIMINI";"100";"Qualsiasi";""
"DACHSER & FERCAM - CATTOLICA";"MERCADANTE, 93";"CATTOLICA";"RIMINI";"100";"Qualsiasi";""
"DARSENA RIMINI ";"ORTIGARA, 80";"RIMINI";"RIMINI";"100";"Qualsiasi";""
"DEBAR - SAN GIOVANNI IN MARIGNANO - RIMINI";"DEI CASTAGNI, 200";"SAN GIOVANNI IN MARIGNANO";"RIMINI";"100";"Qualsiasi";""
"DELLAROSA LUBRIFICANTI - RIMINI";"ACHILLE GRANDI, 36";"RIMINI";"RIMINI";"100";"Qualsiasi";""
"DIGITAL PROMOTER - RIMINI";"FLAMINIA CONCA, 85";"RIMINI";"RIMINI";"300";"Qualsiasi";""
"DOTT. STEFANO ROSSI - RIMINI";"C.SO D'AUGUSTO , 81";"RIMINI";"RIMINI";"100";"Qualsiasi";""
"DRENATER - RIMINI";"VIA CASALECCHIO, 27";"RIMINI";"RIMINI";"100";"Qualsiasi";""
"EBER - RIMINI";"VALTURIO, 38";"RIMINI";"RIMINI";"100";"Qualsiasi";""
"ECO DEMOLIZIONI - RIMINI";"EMILIA , 177";"RIMINI";"RIMINI";"100";"Qualsiasi";""
"ECO DEMOLIZIONI - SANTARCANGELO";"DEL CARPINO, 4";"SANTARCANGELO DI ROMAGNA";"RIMINI";"100";"Qualsiasi";""
"EDIFICO - RIMINI";"S.S. 72 CONSOLARE RIMINI-RSM, 15";"RIMINI";"RIMINI";"100";"Qualsiasi";""
"EDILGRID - POGGIO TORRIANA";"FAMIGNANO, 4";"POGGIO TORRIANA";"RIMINI";"100";"Qualsiasi";""
"EGRAM - SANTARCANGELO VIA A. COSTA";"ANDREA COSTA, 111/G";"SANTARCANGELO DI ROMAGNA";"RIMINI";"100";"Qualsiasi";""
"EGRAM - SANTARCANGELO VIA BERTOZZI";"BERTOZZI, 102";"SANTARCANGELO DI ROMAGNA";"RIMINI";"100";"Qualsiasi";""
"EMCTEST - RIMINI";"MARECCHIESE, 273";"RIMINI";"RIMINI";"100";"Qualsiasi";""
"ENERGY BROKER - RIMINI";"COVIGNANO, 75";"RIMINI";"RIMINI";"100";"Qualsiasi";""
"F.LLI ROSSI - POGGIO TORRIANA";"SANTARCANGIOLESE, 29";"POGGIO TORRIANA";"RIMINI";"100";"Qualsiasi";""
"FA AEROPORTO LUIGI RIDOLFI - FORLI - PULIZIE CONTINUATIVE";"CARLO SEGANTI, 103";"FORLI'";"FORLI E CESENA";"150";"Qualsiasi";""
"FCF - ENGEL & VOELKERS - RICCIONE";"DANTE, 88";"RICCIONE";"RIMINI";"100";"Qualsiasi";""
"FCF - ENGEL & VOELKERS - RIMINI";"GAMBALUNGA, 10";"RIMINI";"RIMINI";"100";"Qualsiasi";""
"FERRAMENTA CITA - RIMINI";"CIRCONVALLAZIONE OCCIDENTALE, 138";"RIMINI";"RIMINI";"100";"Qualsiasi";""
"FIERA DI RIMINI - RIMINI";"VIA EMILIA, 155";"RIMINI";"RIMINI";"600";"Qualsiasi";""
"FIERA VICENZA";"DELL'OREFICERIA, 16";"VICENZA";"VICENZA";"100";"Qualsiasi";""
"FIMAR CSR - VILLA VERUCCHIO";"SANDRO PERTINI, 29";"VERUCCHIO";"RIMINI";"300";"Qualsiasi";""
"FIN PROJECT - RIMINI";"FLAMINIA CONCA, 85";"RIMINI";"RIMINI";"100";"Qualsiasi";""
"FINANZIARIA VALENTINI - RIMINI";"DON ORESTE BENZI, 1";"RIMINI";"RIMINI";"100";"Qualsiasi";""
"FONTEMAGGI - RIMINI";"CASALECCHIO, 39Z";"RIMINI";"RIMINI";"100";"Qualsiasi";""
"FORMUL AUSL - DH RICCIONE";"VIALE VENETO, 43";"RICCIONE";"RIMINI";"100";"Qualsiasi";""
"FORMULA AUSL - CATTOLICA PIAZZA REPUBBLICA";"PIAZZA DELLA REPUBBLICA, SNC";"CATTOLICA";"RIMINI";"100";"Qualsiasi";""
"FORMULA AUSL - CATTOLICA VIA BEETHOVEN";"BEETHOVEN, SNC";"CATTOLICA";"RIMINI";"100";"Qualsiasi";""
"FORMULA AUSL - CONSULTORIO VILLA VERUCCHIO";"Piazza Sandra Borsalino, 17";"VERUCCHIO";"RIMINI";"100";"Qualsiasi";""
"FORMULA AUSL - GUARDIA MEDICA ALFERO";"GIACOMO LEOPARDI, 14";"VERGHERETO";"FORLI E CESENA";"100";"Qualsiasi";""
"FORMULA AUSL - OSPEDALE ANGIOLONI SAN PIERO";"VIA GUGLIELMO MARCONI, 36";"BAGNO DI ROMAGNA";"FORLI E CESENA";"100";"Qualsiasi";""
"FORMULA AUSL - OSPEDALE VERUCCHIO";"MONTE UGONE, 5";"VERUCCHIO";"RIMINI";"100";"Qualsiasi";""
"FORMULA AUSL - POLIAMBULATORI SARSINA";"MARTIRI DUNGHERIA, 2";"SARSINA";"FORLI E CESENA";"100";"Qualsiasi";""
"FORMULA AUSL - SERVIZIO VETERINARIO SAN PIERO";"MONTEGRANELLI, 68";"BAGNO DI ROMAGNA";"FORLI E CESENA";"100";"Qualsiasi";""
"FORMULA AUSL - VIA PAGANINI POGGIO TORRIANA";"PAGANINI, 1";"POGGIO TORRIANA";"RIMINI";"100";"Qualsiasi";""
"FORMULA AUSL - VIA SANTARCANGIOLESE POGGIO TORRIANA";"SANTARCANGIOLESE, 5470";"POGGIO TORRIANA";"RIMINI";"100";"Qualsiasi";""
"FORMULA HERA CA BALDACCI - RIMINI";"SAN MARTINO IN XX, 19";"RIMINI";"RIMINI";"100";"Qualsiasi";""
"FORMULA ROMAGNA ACQUE - RIMINI";"DARIO CAMPANA, 61";"RIMINI";"RIMINI";"100";"Qualsiasi";""
"FORMULA ROMAGNA ACQUE - S. IN MARIGNANO";"FRASINETO, 585";"SAN GIOVANNI IN MARIGNANO";"RIMINI";"100";"Qualsiasi";""
"FULCROS - RIMINI";"MACANNO, 38B";"RIMINI";"RIMINI";"300";"Qualsiasi";""
"GCS - SANTARCANGELO";"DELL'ARTIGIANATO, 6";"SANTARCANGELO DI ROMAGNA";"RIMINI";"100";"Qualsiasi";""
"GEA SERVICE - CA BALDACCI - RIMINI";"SAN MARTINO IN XX, 19";"RIMINI";"RIMINI";"100";"Qualsiasi";""
"GIFIZE FILICORI - RIMINI";"FLAMINIA, 126";"";"RIMINI";"100";"Qualsiasi";""
"GILMAR CSR - SAN GIOVANNI IN MARIGNANO";"MALPASSO, 723/725";"SAN GIOVANNI IN MARIGNANO";"RIMINI";"100";"Qualsiasi";""
"GLOBAL SERVICE - ATELIER EME RIMINI";"MENTANA, 19A";"RIMINI";"RIMINI";"100";"Qualsiasi";""
"GLOBAL SERVICE - DIVEL CENTO";"FERRARESE, 1";"CENTO";"FERRARA";"100";"Qualsiasi";""
"GLOBAL SERVICE - FALCONERI - RIMINI";"CORSO D'AUGUSTO, 138";"RIMINI";"RIMINI";"100";"Qualsiasi";""
"GLOBALFORNITURE - RIMINI - PULIZIE CONTINUATIVE";"MARECCHIESE, 479";"RIMINI";"RIMINI";"100";"Qualsiasi";""
"GOLFERA - LAVEZZOLA";"DELL'INDUSTRIA, 6/8";"RAVENNA";"RAVENNA";"100";"Qualsiasi";""
"GOLFERA - SAN MAURO PASCOLI";"CAVINA, 32";"SAN MAURO PASCOLI";"FORLI E CESENA";"100";"Qualsiasi";""
"GORINI COSTRUZIONI - RIMINI ";"PADRE TOSI, 17";"RIMINI";"RIMINI";"100";"Qualsiasi";""
"GSA CAMPUS RIMINI SOSTITUZIONI";"ANGERA', 22";"RIMINI";"RIMINI";"1000";"Qualsiasi";""
"HARMONT & BLAINE - RIMINI - PULIZIE CONTINUATIVE";"CADUTI DI NASSIRIYA, 20";"RIMINI";"RIMINI";"100";"Qualsiasi";""
"HENOTO - ARSENALE VENEZIA";"SESTIERE CASTELLO, 2732/F";"VENEZIA";"VENEZIA";"1000";"Qualsiasi";""
"HENOTO - FIERA BOLOGNA";"FIERA STREET, 20 ";"BOLOGNA";"BOLOGNA";"100";"Qualsiasi";""
"HENOTO - FIERA VERONA";"VIALE DEL LAVORO, 8";"VERONA";"VERONA";"100";"Qualsiasi";""
"HENOTO - GENOVA";"ASSAROTTI , 13";"GENOVA";"GENOVA";"100";"Qualsiasi";""
"HERA - PIATTAFORMA - BELLARIA";"FORNACE, 14";"BELLARIA-IGEA MARINA";"RIMINI";"1000";"Qualsiasi";""
"HERA CSR - RIMINI";"DINA SASSOLI, 24";"RIMINI";"RIMINI";"100";"Qualsiasi";""
"HI-NET - RIMINI";"FLAMINIA CONCA, 85";"RIMINI";"RIMINI";"100";"Qualsiasi";""
"HUB - CESENATICO";"VIA L. DA VINCI, 32";"CESENATICO";"FORLI E CESENA";"100";"Qualsiasi";""
"I SERRAMI - OKNOPLAST CESENA";"CERVESE, 2636";"CESENA";"FORLI E CESENA";"100";"Qualsiasi";""
"I SERRAMI - OKNOPLAST RIMINI";"COVIGNANO, 107";"RIMINI";"RIMINI";"100";"Qualsiasi";""
"I SERRAMI - OKNOPLAST SANTARCANGELO";"ANDREA COSTA, 78";"SANTARCANGELO DI ROMAGNA";"RIMINI";"100";"Qualsiasi";""
"ICO - ALANNO";"E. FERMI, 5";"ALANNO";"PESCARA";"100";"Qualsiasi";""
"ICO - PIANELLA";"M. BELLISARIO, 460";"PIANELLA";"PESCARA";"100";"Qualsiasi";""
"ICO - SAN GIOVANNI TEATINO";"G. AMENDOLA, 168";"SAN GIOVANNI TEATINO";"CHIETI";"100";"Qualsiasi";""
"IDROSANITARIA - RIMINI";"FLAMINIA , 134";"RIMINI";"RIMINI";"100";"Qualsiasi";""
"IEG CSR - FIERA MILANO - SALES BACK OFFICE SPECIALIST";"Strada Statale Sempione, 28, 28";"MILANO";"MILANO";"100";"Qualsiasi";""
"IEG CSR - PALA RIMINI - SUPPORTO UFFICIO TECNICO PALAS";"DELLA FIERA , 23";"RIMINI";"RIMINI";"100";"Qualsiasi";""
"IL MAGLIFICIO  PULIZIE - PIOBBICO - PULIZIE CONTINUATIVE";"ARCIPRETI LONDEI, SNC";"PIOBBICO";"PESARO E URBINO";"200";"Qualsiasi";""
"IL MAGLIFICIO CUCINA - PIOBBICO - PREPARAZIONE PASTI";"ARCIPRETI LONDEI, SNC";"PIOBBICO";"PESARO E URBINO";"200";"Qualsiasi";""
"IMAB - FALASCONI";"VIA FALASCONI, 92";"FERMIGNANO";"PESARO E URBINO";"100";"Qualsiasi";""
"IMAB  UP01 - METAURO 7";"VIA METAURO, 7";"FERMIGNANO";"PESARO E URBINO";"100";"Qualsiasi";""
"IMAB UP016 - METAURO 17";"METAURO, 17";"FERMIGNANO";"PESARO E URBINO";"100";"Qualsiasi";""
"IMAB UP017 - METAURO 13";"METAURO , 13";"FERMIGNANO";"PESARO E URBINO";"100";"Qualsiasi";""
"IMAB UP02 - VOLTA";"VIA VOLTA, 2";"FERMIGNANO";"PESARO E URBINO";"250";"Qualsiasi";""
"IMAB UP03 - MEUCCI";"VIA MEUCCI, SNC";"FERMIGNANO";"PESARO E URBINO";"100";"Qualsiasi";""
"IMAB UP07 - PISACANE";"VIA PISACANE, SNC";"FERMIGNANO";"PESARO E URBINO";"100";"Qualsiasi";""
"IMAB UP08 ASILO - FERMIGNANO";"ENRICO FERMI, SNC";"FERMIGNANO";"PESARO E URBINO";"100";"Qualsiasi";""
"IMAB UP11 - CANAVACCIO";"VIA DELL'INDUSTRIA, 19";"FERMIGNANO";"PESARO E URBINO";"200";"Qualsiasi";""
"IMAB UP24 - FERMIGNANO";"VIA BENJAMIN FRANKLIN, 9";"FERMIGNANO";"PESARO E URBINO";"100";"Qualsiasi";""
"INCOS - CASTELLO D'ARGILE";"VIA EINAUDI, 8";"CASTELLO D'ARGILE";"BOLOGNA";"100";"Qualsiasi";""
"INDUSTRIE VALENTINI - VIA RIGOLETTO RIMINI";"RIGOLETTO, 27";"RIMINI";"RIMINI";"100";"Qualsiasi";""
"INTERNATIONAL DESIGN - SANTARCANGELO";"DEL PINO, 21";"SANTARCANGELO DI ROMAGNA";"RIMINI";"200";"Qualsiasi";""
"INTESA GREEN - RIMINI";"GALLA PLACIDIA, 27";"RIMINI";"RIMINI";"100";"Qualsiasi";""
"ITALMEC - SAVIGNANO";"PIETA', 96";"SAVIGNANO SUL RUBICONE";"FORLI E CESENA";"100";"Qualsiasi";""
"ITALY GREEN POWER - RIMINI";"COVIGNANO, 201";"RIMINI";"RIMINI";"300";"Qualsiasi";""
"ITTICA RIMINESE - RIMINI";"VECCHIA EMILIA, 75";"RIMINI";"RIMINI";"100";"Qualsiasi";""
"IZEOS - VIA CIRCONVALLAZIONE RIMINI";"CIRCONVALLAZIONE, 67";"RIMINI";"RIMINI";"100";"Qualsiasi";""
"IZEOS - VIA DELLA FIERA RIMINI";"DELLA FIERA, 23F";"RIMINI";"RIMINI";"100";"Qualsiasi";""
"JUNECO - RIMINI - PULIZIA CONTINUATIVA";"CADUTI DI NASSIRIYA, 20";"RIMINI";"RIMINI";"100";"Qualsiasi";""
"LA LEGNAMI - SAVIGNANO";"PIETA' , 106";"SAVIGNANO SUL RUBICONE";"FORLI E CESENA";"100";"Qualsiasi";""
"LAB TRAVEL - EUPHEMIA RIMINI";"FLAMINIA, 175E";"RIMINI";"RIMINI";"100";"Qualsiasi";""
"L'ALTRA ROMAGNA - SARSINA - PULIZIE CONTINUATIVE";"ROMA, 24";"SARSINA";"FORLI E CESENA";"100";"Qualsiasi";""
"LASERSOFT - RIMINI";"DON ORESTE BENZI, 1";"RIMINI";"RIMINI";"300";"Qualsiasi";""
"LESEPIDADO - CASTEL SAN PIETRO TERME";"LIGURIA, 8";"CASTEL SAN PIETRO TERME";"BOLOGNA";"100";"Qualsiasi";""
"LIU JO - RIMINI - PULIZIA CONTINUATIVA";"CADUTI DI NASSIRIYA, 20";"RIMINI";"RIMINI";"100";"Qualsiasi";""
"LUVI - PECCATI DI GOLA - RIMINI";"LAGOMAGGIO, 80";"RIMINI";"RIMINI";"100";"Qualsiasi";""
"MAICOL COSMI - RIMINI";"RENATA TEBALDI, 29";"RIMINI";"RIMINI";"100";"Qualsiasi";""
"MANALY - VICENZA";"CORDELLINA, 100";"SOVIZZO";"VICENZA";"100";"Qualsiasi";""
"MANCINI LOGISTIC - SANTARCANGELO";"BUSCA, 110";"SANTARCANGELO DI ROMAGNA";"RIMINI";"300";"Qualsiasi";""
"MANNY SERVICE - RIMINI";"CORIANO, 58";"RIMINI";"RIMINI";"100";"Qualsiasi";""
"MARR CSR - SANTARCANGELO";"DELL'ACERO, 2/4";"SANTARCANGELO DI ROMAGNA";"RIMINI";"300";"Qualsiasi";""
"MARR CSR - VIA SPAGNA RIMINI";"SPAGNA, 20";"RIMINI";"RIMINI";"300";"Qualsiasi";""
"MARR SI FRUTTA VIA CINA - RIMINI";"CINA, 4";"RIMINI";"RIMINI";"300";"Qualsiasi";""
"MATERNA GABBIANO - RIMINI - AUSILIARIATO";"RINALDO ORSINI, 26";"RIMINI";"RIMINI";"100";"Qualsiasi";""
"MATERNA GLICINE - RIMINI - AUSILIARIATO ";"VIA ADELIO PAGLIARANI, 2";"RIMINI";"RIMINI";"100";"Qualsiasi";""
"MATERNA QUADRIFOGLIO - RIMINI - AUSILIARIATO ";"MIRANDOLA, 6";"RIMINI";"RIMINI";"100";"Qualsiasi";""
"MEC EUROPE - RIMINI";"PASTORE, 32";"RIMINI";"RIMINI";"100";"Qualsiasi";""
"MEDIA & MEDIA - RIMINI";"PRINCIE AMEDEO, 7";"RIMINI";"RIMINI";"100";"Qualsiasi";""
"MERCATO COPERTO - RIMINI";"CASTELFIDARDO, 15";"RIMINI";"RIMINI";"100";"Qualsiasi";""
"METALTECNICA - BELLARIA";"VIVALDI, 13";"BELLARIA-IGEA MARINA";"RIMINI";"100";"Qualsiasi";""
"METALTECNICA - BELLARIA VIA ROSSINI";"G. ROSSINI, 26";"BELLARIA-IGEA MARINA";"RIMINI";"100";"Qualsiasi";""
"MIJIC ARCHITECTS - RIMINI - PULIZIE";"CORSO D'AUGUSTO, 76";"RIMINI";"RIMINI";"300";"Qualsiasi";""
"MONDILLA - RIMINI";"EDELWEISS RODRIGUEZ, 13";"RIMINI";"RIMINI";"300";"Qualsiasi";""
"MONTEVECCHI - RIMINI";"VALENTINI, 11";"RIMINI";"RIMINI";"100";"Qualsiasi";""
"MORATO PANE - CERASOLO";"PASCOLI, 20A";"CORIANO";"RIMINI";"100";"Qualsiasi";""
"MOTORIZZAZIONE - RIMINI";"LEA GIACCAGLIA, 2";"RIMINI";"RIMINI";"100";"Qualsiasi";""
"MUSEO GIOIELLO - VICENZA";"Piazza dei Signori, 44";"VICENZA";"VICENZA";"100";"Qualsiasi";""
"MYO - MONDOLFO";"LAGO COSTANZA, 11";"MONDOLFO";"PESARO E URBINO";"100";"Qualsiasi";""
"MYO - POGGIO TORRIANA";"SANTARCANGIOLESE, 6";"POGGIO TORRIANA";"RIMINI";"100";"Codice QR";""
"MYO - POGGIO TORRIANA - CLEANING - PULIZIE";"SANTARCANGIOLESE, 6";"POGGIO TORRIANA";"RIMINI";"200";"Codice QR";""
"MYO - POGGIO TORRIANA - PICKING CARTA - LOGISTICA";"SANTARCANGIOLESE, 6";"POGGIO TORRIANA";"RIMINI";"200";"Codice QR";""
"MYO - POGGIO TORRIANA - PICKING GUIDATO - LOGISTICA";"SANTARCANGIOLESE, 6";"POGGIO TORRIANA";"RIMINI";"200";"Codice QR";""
"MYO - POGGIO TORRIANA - PICKING TRADIZIONALE - LOGISTICA";"SANTARCANGIOLESE, 6";"POGGIO TORRIANA";"RIMINI";"200";"Codice QR";""
"MYO - POGGIO TORRIANA - REFILING - LOGISTICA";"SANTARCANGIOLESE, 6";"POGGIO TORRIANA";"RIMINI";"200";"Codice QR";""
"MYO - POGGIO TORRIANA - SCARICO MERCI - LOGISTICA";"SANTARCANGIOLESE, 6";"POGGIO TORRIANA";"RIMINI";"200";"Codice QR";""
"MYO - POGGIO TORRIANA - UFFICIO";"SANTARCANGIOLESE, 6";"POGGIO TORRIANA";"RIMINI";"200";"Codice QR";""
"MYO - POGGIO TORRIANA - USCITA MERCI - LOGISTICA";"SANTARCANGIOLESE, 6";"POGGIO TORRIANA";"RIMINI";"200";"Codice QR";""
"MYRA (EX SIGNOR PRESTITO) - RIMINI";"FLAMINIA, 134";"RIMINI";"RIMINI";"100";"Qualsiasi";""
"NEURALITY - RIMINI";"RODRIGUEZ, 3";"RIMINI";"RIMINI";"100";"Qualsiasi";""
"NGRT - RIMINI VIA EDELWEISS RODRIGUEZ 13";"EDELWEISS RODRIGUEZ, 13";"RIMINI";"RIMINI";"300";"Qualsiasi";""
"NGRT - RIMINI VIA MACANNO";"MACANNO, 38A";"RIMINI";"RIMINI";"100";"Qualsiasi";""
"NIDO GABBIANO - RIMINI - AUSILIARIATO";"RINALDO ORSINI , 26";"RIMINI";"RIMINI";"100";"Qualsiasi";""
"NIDO GIROTONDO - RIMINI- AUSILIARIATO ";"CIRCONVALLAZIONE OCCIDENTALE, 55";"RIMINI";"RIMINI";"100";"Qualsiasi";""
"NIDO GRILLO PARLANTE - RIMINI - AUSILIARIATO";"MIRANDOLA , 2";"RIMINI";"RIMINI";"100";"Qualsiasi";""
"NIDO PETER PAN - RIMINI ";"BRAVA, 8A";"RIMINI";"RIMINI";"100";"Qualsiasi";""
"NIDO SCARABOCCHIO - RIMINI - AUSILIARIATO";"MACANNO, 10";"RIMINI";"RIMINI";"100";"Qualsiasi";""
"NIMAIA - RIMINI";"DI MEZZO, 39";"RIMINI";"RIMINI";"100";"Qualsiasi";""
"NIVOLA STYLE - RIMINI";"CIRCONVALLAZIONE, 27";"RIMINI";"RIMINI";"300";"Qualsiasi";""
"NUOVA FAOS CSR - S. GIOVANNI IN MARIGNANO";"CASE NUOVE, 245/A";"SAN GIOVANNI IN MARIGNANO";"RIMINI";"100";"Qualsiasi";""
"NUOVA PLASTICA ADRIATICA - POGGIO TORRIANA";"DELLE INDUSTRIE, 4";"POGGIO TORRIANA";"RIMINI";"100";"Qualsiasi";""
"NUOVA RICERCA - RIMINI";"SETTEMBRINI, 17H";"RIMINI";"RIMINI";"100";"Qualsiasi";""
"NUOVA RICERCA - RIMINI CELLE";"VINCINI, 4";"RIMINI";"RIMINI";"100";"Qualsiasi";""
"NUOVA RICERCA - SANTARCANGELO";"SAN MARINO, 176";"SANTARCANGELO DI ROMAGNA";"RIMINI";"100";"Qualsiasi";""
"NUOVA RICERCA - SANTARCANGELO VIA EMILIA";"EMILIA, 1939";"SANTARCANGELO DI ROMAGNA";"RIMINI";"100";"Qualsiasi";""
"NUOVA RICERCA - VILLA VERUCCHIO";"EUROPA, 36";"VERUCCHIO";"RIMINI";"100";"Qualsiasi";""
"OFFICINA TURBO CAR - CATTOLICA";"BIZET, 20";"CATTOLICA";"RIMINI";"100";"Qualsiasi";""
"OFFICINA TURBO CAR - SAN LEO ";"TORELLO , 27";"SAN LEO";"RIMINI";"100";"Qualsiasi";""
"OPPORTUNITY - SANTARCANGELO";"DEL PROGRESSO, 21";"SANTARCANGELO DI ROMAGNA";"RIMINI";"300";"Qualsiasi";""
"OPPORTUNITY 89 - RIMINI";"RODRIGUEZ SENIOR, 13";"RIMINI";"RIMINI";"200";"Qualsiasi";""
"OSPEDALE ANGIOLONI - SAN PIERO";"GUGLIELMO MARCONI, 36";"BAGNO DI ROMAGNA";"FORLI E CESENA";"150";"Qualsiasi";""
"OTTIMA SERVIZI - RIMINI";"VARIANO, 81/85";"RIMINI";"RIMINI";"100";"Qualsiasi";""
"OUTDOOR 19 - RIMINI";"MARECCHIESE, 166";"RIMINI";"RIMINI";"100";"Qualsiasi";""
"OUTLET GILMAR CSR - SAN GIOVANNI IN MARIGNANO";"DEGLI OLMI, 267";"SAN GIOVANNI IN MARIGNANO";"RIMINI";"100";"Qualsiasi";""
"PAESANI CSR - SANTARCANGELO";"DEL GRANO, 260";"SANTARCANGELO DI ROMAGNA";"RIMINI";"150";"Qualsiasi";""
"PALACONGRESSI - RIMINI";"VIA DELLA FIERA, 23";"RIMINI";"RIMINI";"100";"Qualsiasi";""
"PALAZZO CONGRESSI - FIUGGI";"IV GIUGNO, 19";"FIUGGI";"FROSINONE";"300";"Qualsiasi";""
"PARI IMMOBILIARE- RIMINI";"FLAMINIA, 86";"RIMINI";"RIMINI";"300";"Qualsiasi";""
"PARROCCHIA SAN GIROLAMO - RIMINI";"VIALE PRINCIPE AMEDEO, 65";"RIMINI";"RIMINI";"100";"Qualsiasi";""
"PASINI - CERASOLO VIA AUSA 59";"AUSA, 59";"CORIANO";"RIMINI";"100";"Qualsiasi";""
"PASINI - RIMINI VIA EMILIA MARIANI 6";"EMILIA MARIANI, 6";"RIMINI";"RIMINI";"100";"Qualsiasi";""
"PENSARECASA - PESARO";"DEGLI ARTIGIANI, 5";"PESARO";"PESARO E URBINO";"100";"Qualsiasi";""
"PESARESI GIUSEPPE - RIMINI";"EMILIA , 190";"RIMINI";"RIMINI";"300";"Qualsiasi";""
"PITTARELLO - RIMINI";"CADUTI DI NASSIRIYA, 20";"RIMINI";"RIMINI";"100";"Qualsiasi";""
"PNEUS - RIMINI";"XXIII SETTEMBRE, 117";"RIMINI";"RIMINI";"100";"Qualsiasi";""
"PNEUS - SANTARCANGELO";"DELL'INDUSTRIA, 22";"SANTARCANGELO DI ROMAGNA";"RIMINI";"100";"Qualsiasi";""
"POLISNACK - CORIANO";"MARANELLO , 25";"CORIANO";"RIMINI";"300";"Qualsiasi";""
"PRIME - RIMINI";"DINA SASSOLI, 24";"RIMINI";"RIMINI";"300";"Qualsiasi";""
"PRO MAN - RIMINI";"EMILIA, 129";"RIMINI";"RIMINI";"100";"Qualsiasi";""
"PRODUCO - RIMINI";"MARECCHIESE, 156-159";"RIMINI";"RIMINI";"100";"Qualsiasi";""
"PROMOZIONE ALBERGHIERA - VIA SASSONIA 32 RIMINI";"SASSONIA, 32";"RIMINI";"RIMINI";"100";"Qualsiasi";""
"PROSTAND - FIERA RIMINI";"EMILIA, 155";"RIMINI";"RIMINI";"100";"Qualsiasi";""
"PROSTAND - VIA SANTARCANGIOLESE 18 POGGIO TORRIANA";"SANTARCANGIOLESE, 18";"POGGIO TORRIANA";"RIMINI";"100";"Qualsiasi";""
"PROSTAND - VIA SANTARCANGIOLESE 52 POGGIO TORRIANA";"SANTARCANGIOLESE, 52";"POGGIO TORRIANA";"RIMINI";"100";"Qualsiasi";""
"R&A CONSULTING – RIMINI";"ARIETE, 18";"RIMINI";"RIMINI";"100";"Qualsiasi";""
"R&R SERVIZI GRAFICI - RIMINI";"PIETRARUBBIA, 32";"RIMINI";"RIMINI";"300";"Qualsiasi";""
"RAG. ELIO LAGHI - CORPOLO'";"ANACLETO RICCI, 16";"RIMINI";"RIMINI";"100";"Qualsiasi";""
"RAG. ELIO LAGHI - SANTARCANGELO";"VIA SANTARCANGIOLESE, 1395";"SANTARCANGELO DI ROMAGNA";"RIMINI";"100";"Qualsiasi";""
"RE MAGO - RIMINI";"PEPPINO IMPASTATO, 6";"RIMINI";"RIMINI";"100";"Qualsiasi";""
"RICCARDO ZANNI - CONDOMINIO RIMINI SERPIERI";"ALESSANDRO SERPIERI, 23";"RIMINI";"RIMINI";"300";"Qualsiasi";""
"RICCI SABBIATURA - RIMINI";"MAVONCELLO, 2R";"RIMINI";"RIMINI";"100";"Qualsiasi";""
"RIVIERA FINDOMESTIC - RIMINI";"FLAMINIA, 159A";"RIMINI";"RIMINI";"100";"Qualsiasi";""
"SAMIR - RIMINI VIA LUCIANO LAMA 8";"LUCIANO LAMA , 8";"RIMINI";"RIMINI";"100";"Qualsiasi";""
"SAMIR - RIMINI VIA TANARO 3/O";"TANARO, 3/O";"RIMINI";"RIMINI";"100";"Qualsiasi";""
"SAMPAOLESI - RIMINI";"flaminia, 136a";"RIMINI";"RIMINI";"100";"Qualsiasi";""
"SAN GAUDENZO - RIMINI";"CASTI, 17";"RIMINI";"RIMINI";"300";"Qualsiasi";""
"SAN PATRIGNANO - CORIANO";"SAN PATRIGNANO, 53";"CORIANO";"RIMINI";"300";"Qualsiasi";""
"SAN VALENTINO - RIMINI";"TOMASETTA, 13";"RIMINI";"RIMINI";"100";"Qualsiasi";""
"SANTA CATERINA PEGASO - RICCIONE";"ANGELONI, 8";"RICCIONE";"RIMINI";"100";"Qualsiasi";""
"SARR - RIMINI";"CRIMEA, 18";"RIMINI";"RIMINI";"100";"Qualsiasi";""
"SCHINDLER - RIMINI";"VIA PLACIDIA , 29";"RIMINI";"RIMINI";"100";"Qualsiasi";""
"SCM - CSR";"EMILIA, 77";"RIMINI";"RIMINI";"100";"Qualsiasi";""
"SCM - FONDERIA VILLA VERUCCHIO";"DEL TESORO, 141";"VERUCCHIO";"RIMINI";"100";"Qualsiasi";""
"SCM EX SERGIANI - CERASOLO";"GIOVANNI PASCOLI, 42";"RIMINI";"RIMINI";"200";"Qualsiasi";""
"SCM HITECO - VILLA VERUCCHIO";"MARECCHIESE , 720";"VERUCCHIO";"RIMINI";"500";"Qualsiasi";""
"SCM PREMIUM 51 - VILLA VERUCCHIO";"SS258 MARECCHIA, 51";"VERUCCHIO";"RIMINI";"100";"Qualsiasi";""
"SCM RICAMBI - RIMINI";"EMILIA, 59";"RIMINI";"RIMINI";"300";"Qualsiasi";""
"SCM STEELMEC - VILLA VERUCCHIO";"SS 258 MARECCHIA , 34";"VERUCCHIO";"RIMINI";"300";"Qualsiasi";""
"SCM VIA EMILIA 59 61 MARCONI - EX FONDERIA RIMINI";"EMILIA, 59";"RIMINI";"RIMINI";"500";"Qualsiasi";""
"SCM VIA EMILIA 61 PREGNOLATO - RIMINI";"EMILIA, 61";"RIMINI";"RIMINI";"200";"Qualsiasi";""
"SCM VIA EMILIA 71 MARCONI - RIMINI";"EMILIA, 71";"RIMINI";"RIMINI";"500";"Qualsiasi";""
"SCM VIA EMILIA 77 ASTOLFI - RIMINI";"EMILIA, 77";"RIMINI";"RIMINI";"500";"Qualsiasi";""
"SCM VILLA MARE - VILLA VERUCCHIO";"CASALE, 450";"VERUCCHIO";"RIMINI";"100";"Qualsiasi";""
"SCM VILLA MONTE 57 - VILLA VERUCCHIO";"SS258 MARECCHIA, 57";"VERUCCHIO";"RIMINI";"300";"Qualsiasi";""
"SCRIGNO - SAVIGNANO - PULIZIE CONTINUATIVE";"BEVILACQUA, 10";"SAVIGNANO SUL RUBICONE";"FORLI E CESENA";"100";"Qualsiasi";""
"SCUOLA BENIAMINA FOSCHI - CSR - SARSINA";"LARGO ALCIDE DE GASPERI, 8";"SARSINA";"FORLI E CESENA";"150";"Qualsiasi";""
"SCUOLA ELEMENTARE F.LLI CERVI - CSR - SANT'ERMETE";"CASALE DI SANT'ERMETE , 1288";"SANTARCANGELO DI ROMAGNA";"RIMINI";"150";"Qualsiasi";""
"SCUOLA ELEMENTARE PASCUCCI - CSR - SANTARCANGELO";"GANGANELLI , 25";"SANTARCANGELO DI ROMAGNA";"RIMINI";"150";"Qualsiasi";""
"SCUOLA INFANZIA BIANCANEVE - CSR - SANT'ERMETE";"CASALE DI SANT'ERMETE , 650";"SANTARCANGELO DI ROMAGNA";"RIMINI";"100";"Qualsiasi";""
"SCUOLA INFANZIA CANONICA - CSR - SANTARCANGELO";"VIA SANTARCANGIOLESE, 3740";"SANTARCANGELO DI ROMAGNA";"RIMINI";"100";"Qualsiasi";""
"SCUOLA INFANZIA FLORA - CSR - SANTARCANGELO";"PATRIGNANI, 259";"SANTARCANGELO DI ROMAGNA";"RIMINI";"150";"Qualsiasi";""
"SCUOLA INFANZIA GIARDINO INCANTATO - CSR - SAN VITO";"SAN VITO, 1729";"SANTARCANGELO DI ROMAGNA";"RIMINI";"150";"Qualsiasi";""
"SCUOLA INFANZIA IL DRAGO - CSR - SANTARCANGELO";"DANIELE FELICI, 45";"SANTARCANGELO DI ROMAGNA";"RIMINI";"100";"Qualsiasi";""
"SCUOLA INFANZIA MARGHERITA - CSR - SANTARCANGELO";"PALMIRO TOGLIATTI, 30";"SANTARCANGELO DI ROMAGNA";"RIMINI";"100";"Qualsiasi";""
"SCUOLA INFANZIA POLLICINO - CSR - SAN MARTINO";"IX NOVEMBRE, 8";"SANTARCANGELO DI ROMAGNA";"RIMINI";"150";"Qualsiasi";""
"SCUOLA NIDO AQUILOTTO - RIMINI";"MONTECHIARO, 20";"RIMINI";"RIMINI";"100";"Qualsiasi";""
"SCUOLA NIDO DELFINO - RIMINI";"NICCOLò TOMMASEO, 5";"RIMINI";"RIMINI";"100";"Qualsiasi";""
"SCUOLA PAPA GIOVANNI XXIII - CSR - RANCHIO";"RANCHIO VICOLO DEI GIARDINI , 2";"SARSINA";"FORLI E CESENA";"100";"Qualsiasi";""
"SEMPRINI CESARI GIOELE DOTT - RIMINI";"DELLA REPUBBLICA, 104";"RIMINI";"RIMINI";"100";"Qualsiasi";""
"SERGIO ROSSI - SAN MAURO PASCOLI";"VIA STRADONE, 600/602";"SAN MAURO PASCOLI";"FORLI E CESENA";"200";"Qualsiasi";""
"SERVICE WEB - SCUOLA PRIMARIA MADRE TERESA DI CALCUTTA";"SFORZA, 16";"RIMINI";"RIMINI";"300";"Qualsiasi";""
"SID ROMAGNA - FORLI'";"BERTINI, 128";"FORLI'";"FORLI E CESENA";"100";"Qualsiasi";""
"SIEL ANTIFURTO - RIMINI";"DEL CICLAMINO, 36";"RIMINI";"RIMINI";"100";"Qualsiasi";""
"SIMPLENETWORKS - SANTA GIUSTINA";"EMILIA, 383";"RIMINI";"RIMINI";"100";"Qualsiasi";""
"SIMPLENETWORKS - SANTARCANGELO";"DELL'INDUSTRIA, 44";"SANTARCANGELO DI ROMAGNA";"RIMINI";"100";"Qualsiasi";""
"SM LOGISTICA - RIMINI";"CORIANO, 58";"RIMINI";"RIMINI";"100";"Qualsiasi";""
"SM LOGISTICA - SANT'IPPOLITO - PESARO";"DELLE INDUSTRIE, SN";"SANT'IPPOLITO";"PESARO E URBINO";"300";"Qualsiasi";""
"SOC. COOP. BRACCIANTI RIMINESE - RIMINI";"FLAMINIA CONCA, 85";"RIMINI";"RIMINI";"100";"Qualsiasi";""
"SODIFER - IMOLA";"PROVINCIALE SELICE, 47";"IMOLA";"BOLOGNA";"100";"Qualsiasi";""
"SODIFER - SANTARCANGELO DI ROMAGNA";"VIA DEL GRANO, 245";"SANTARCANGELO DI ROMAGNA";"RIMINI";"100";"Qualsiasi";""
"START - NOVAFELTRIA";"A. BATTELLI , 27";"NOVAFELTRIA";"RIMINI";"300";"Qualsiasi";""
"START - P.LE CURIEL RICCIONE";"PIAZZALE CURIEL, SNC";"RICCIONE";"RIMINI";"100";"Qualsiasi";""
"START - P.LE ILARIO BANDINI FORLI";"piazzale ilario bandini, snc";"FORLI'";"FORLI E CESENA";"100";"Qualsiasi";""
"START - P.LE MARINAI RICCIONE";"PIAZZALE MARINAI D'ITALIA, SNC";"RICCIONE";"RIMINI";"100";"Qualsiasi";""
"START - P.ZZ MARTIRI D'UNGHERIA FORLI";"PIAZZA MARTIRI D'UNGHERIA, STAZIONE";"FORLI'";"FORLI E CESENA";"100";"Qualsiasi";""
"START - PALAZZO SME FORLI";"PUNTA DI FERRO, 2";"FORLI'";"FORLI E CESENA";"100";"Qualsiasi";""
"START - SAN PIERO IN BAGNO FORLI";"LEONARDO DA VINCI, 66";"BAGNO DI ROMAGNA";"FORLI E CESENA";"100";"Qualsiasi";""
"START - SANTA SOFIA FORLI";"G. DI VITTORIO, 14";"SANTA SOFIA";"FORLI E CESENA";"100";"Qualsiasi";""
"START - SUBAPPALTO CESA - C.A. DELLA CHIESA 38 RN";"CARLO DELLA CHIESA, 38";"RIMINI";"RIMINI";"100";"Qualsiasi";""
"START - SUBAPPALTO CESA - C.A. DELLA CHIESA 40 PORTINERIA RN";"CARLO DELLA CHIESA, 40";"RIMINI";"RIMINI";"100";"Qualsiasi";""
"START - SUBAPPALTO CESA - C.BATTISTI STAZIONE BIGLIETTERIA";"CESARE BATTISTI, 12";"RIMINI";"RIMINI";"100";"Qualsiasi";""
"START - SUBAPPALTO CESA - C.BATTISTI STAZIONE CENTRALE OPER";"CESARE BATTISTI, 12";"RIMINI";"RIMINI";"100";"Qualsiasi";""
"START - SUBAPPALTO CESA - C.BATTISTI STAZIONE SALA RISTORO";"CESARE BATTISTI, 12";"RIMINI";"RIMINI";"100";"Qualsiasi";""
"START - SUBAPPALTO CESA - LARGO MARTIRI UNGHERIA RN";"LARGO MARTIRI D'UNGHERIA, 1";"RIMINI";"RIMINI";"100";"Qualsiasi";""
"START - SUBAPPALTO CILS - GALLERIA CAVOUR 55 BIGLIETTERIA";"GALLERIA CAVOUR, 55";"CESENA";"FORLI E CESENA";"100";"Qualsiasi";""
"START - SUBAPPALTO CILS - MONTEFIORE CAPOLINEA 6";"CORRADINO FABBRI, SN";"CESENA";"FORLI E CESENA";"100";"Qualsiasi";""
"START - SUBAPPALTO CILS - PIAZZALE K. MARX 135 CESENA";"KARL MARX, 135";"CESENA";"FORLI E CESENA";"100";"Qualsiasi";""
"START - SUBAPPALTO CILS - V. EUROPA STAZIONE CESENA";"EUROPA, SN";"CESENA";"FORLI E CESENA";"100";"Qualsiasi";""
"START - SUBAPPALTO CILS - V.SPINELLI 140 CESENA";"SPINELLI, 140";"CESENA";"FORLI E CESENA";"100";"Qualsiasi";""
"START - SUBAPPALTO COLAS - MOLO SANFILIPPO 44D PORTO CORSINI";"MOLO SANFILIPPO, 44D";"RAVENNA";"RAVENNA";"100";"Qualsiasi";""
"START - SUBAPPALTO COLAS - PIAZZALE FARINI 9 RAVENNA";"PIAZZALE FARINI, 9";"RAVENNA";"RAVENNA";"100";"Qualsiasi";""
"START - SUBAPPALTO COLAS - VIA DELL'ARTIGIANATO 16 ALFONSINE";"DELL'ARTIGIANATO, 16";"ALFONSINE";"RAVENNA";"100";"Qualsiasi";""
"START - SUBAPPALTO COLAS - VIA DELLE INDUSTRIE 120 RAVENNA";"DELLE INDUSTRIE, 120";"RAVENNA";"RAVENNA";"100";"Qualsiasi";""
"START - SUBAPPALTO COLAS - VIA EMILIA PONENTE 21 FAENZA RA";"EMILIA PONENTE, 21";"FAENZA";"RAVENNA";"100";"Qualsiasi";""
"START - SUBAPPALTO COLAS - VIA MARONCELLI 1 RAVENNA";"MARONCELLI, 1";"RAVENNA";"RAVENNA";"100";"Qualsiasi";""
"START - SUBAPPALTO COLAS - VIA TEODORICO 7 RAVENNA";"TEODORICO, 7";"RAVENNA";"RAVENNA";"100";"Qualsiasi";""
"START - SUBAPPALTO COLAS - VIA VECCHI 2 MARINA DI RAVENNA";"AGAMENNONE VECCHI, 2";"RAVENNA";"RAVENNA";"100";"Qualsiasi";""
"START - VIA LOMBARDIA RICCIONE";"LOMBARDIA, 17";"RICCIONE";"RIMINI";"100";"Qualsiasi";""
"START - VIA PANDOLFA FORLI";"PANDOLFA, 50";"FORLI'";"FORLI E CESENA";"100";"Qualsiasi";""
"START - VIA VOLTA 13 FORLI";"VOLTA, 13";"FORLI'";"FORLI E CESENA";"100";"Qualsiasi";""
"START - VIA VOLTA 9/11 FORLI";"VOLTA, 9";"FORLI'";"FORLI E CESENA";"100";"Qualsiasi";""
"START - VILLA VERUCCHIO";"SS MARECCHIA, 38";"VERUCCHIO";"RIMINI";"100";"Qualsiasi";""
"STCC - RIMINI - PULIZIE CONTINUATIVE";"C.SO D'AUGUSTO, 115";"RIMINI";"RIMINI";"100";"Qualsiasi";""
"STUDI ASSOCIATI RAGIONIERI - RIMINI";"SAFFI, 9";"RIMINI";"RIMINI";"100";"Qualsiasi";""
"STUDIO GARE THESIS - RICCIONE";"LODI, 4";"RICCIONE";"RIMINI";"100";"Qualsiasi";""
"STUDIO I-SERVICE - SAN MAURO PASCOLI";"DEL PROGRESSO, 113";"SAN MAURO PASCOLI";"FORLI E CESENA";"100";"Qualsiasi";""
"STUDIO MEDICO - VILLA VERUCCHIO";"PIAZZA EUROPA, 36";"VERUCCHIO";"RIMINI";"300";"Qualsiasi";""
"SUMMERTRADE - AUTODROMO MISANO";"DAIJIRO KATO, 11";"MISANO ADRIATICO";"RIMINI";"100";"Qualsiasi";""
"SUMMERTRADE - OFFICINA DEL GUSTO MISANO";"DELLA REPUBBLICA, 22";"MISANO ADRIATICO";"RIMINI";"100";"Qualsiasi";""
"SUMMERTRADE - VIA EMILIA 129 RIMINI";"EMILIA, 129";"RIMINI";"RIMINI";"200";"Qualsiasi";""
"SURGITAL - LAVEZZOLA";"BASTIA, 16/1";"RAVENNA";"RAVENNA";"100";"Qualsiasi";""
"TAFFO FUNERAL - RIMINI";"PIAZZA MAZZINI, 6";"RIMINI";"RIMINI";"300";"Qualsiasi";""
"TECNO RIMINI - RIMINI";"NUOVA CIRCONVALLAZIONE, 57/B";"RIMINI";"RIMINI";"100";"Qualsiasi";""
"TECNODATA - STADIUM 105 RIMINI";"PIAZZALE PASOLINI, 1/C";"RIMINI";"RIMINI";"150";"Qualsiasi";""
"TECNOMECCANICA - CARPENTERIA - VILLA VERUCCHIO";"DEL TESORO , 533";"VERUCCHIO";"RIMINI";"300";"Qualsiasi";""
"TECNOMECCANICA - SEDE - VILLA VERUCCHIO";"DEL TESORO , 400";"VERUCCHIO";"RIMINI";"300";"Qualsiasi";""
"TERMOVALORIZZATORE E SELEZIONE E RECUPERO - CORIANO";"RAIBANO, 32";"CORIANO";"RIMINI";"200";"Qualsiasi";""
"TERRE CEVICO - FORLI'";"VASSURA, 19";"FORLI'";"FORLI E CESENA";"100";"Qualsiasi";""
"TRANSBELT - SANTARCANGELO";"DELL'ORZO, 2";"SANTARCANGELO DI ROMAGNA";"RIMINI";"100";"Qualsiasi";""
"TRASCONTI - RIMINI";"TOLEMAIDE, 132";"RIMINI";"RIMINI";"100";"Qualsiasi";""
"TREVI - TREVIDEA - RIMINI";"STRADA CONSOLARE RIMINI-SAN MARINO, 62";"RIMINI";"RIMINI";"100";"Qualsiasi";""
"TVS - FERMIGNANO ";"GALILEO GALILEI, 2";"FERMIGNANO";"PESARO E URBINO";"100";"Qualsiasi";""
"UBISERVICE - UBISOL - RIMINI";"DELLO STAMBECCO, 6F";"RIMINI";"RIMINI";"100";"Qualsiasi";""
"UMANA - RIMINI";"FLAMINIA , 82EF";"RIMINI";"RIMINI";"300";"Qualsiasi";""
"UNIFLOTTE - RIMINI";"DINA SASSOLI, 24";"RIMINI";"RIMINI";"100";"Qualsiasi";""
"UNIPOL - MORCIANO";"FORLANI DIOMEDE, 101";"MORCIANO DI ROMAGNA";"RIMINI";"300";"Qualsiasi";""
"UNIPOL - RICCIONE VIA ADRIATICA 10";"ADRIATICA, 10";"RICCIONE";"RIMINI";"300";"Qualsiasi";""
"UNIPOL - RICCIONE VIA VITTORIO EMANUELE II";"VITTORIO EMANUELE II, 8";"RICCIONE";"RIMINI";"100";"Qualsiasi";""
"UNIPOL - RIMINI";"ROMA, 102";"RIMINI";"RIMINI";"100";"Qualsiasi";""
"UNIPOL - SANTARCANGELO";"LUDOVICO MARINI, 36";"SANTARCANGELO DI ROMAGNA";"RIMINI";"100";"Qualsiasi";""
"UNIRETAIL COLOMBINI - RIMINI";"S.S. CONSOLARE RIMINI - SAN MARINO KM 8,2, SN";"RIMINI";"RIMINI";"100";"Qualsiasi";""
"UNITEC - LUGO";"VIA PROVINCIALE COTIGNOLA, 20/9";"LUGO";"RAVENNA";"200";"Qualsiasi";""
"VALENTINI STUDIO COMMERCIALE - RIMINI";"CIRCONVALLAZIONE MERIDIONALE, 5/B";"RIMINI";"RIMINI";"100";"Qualsiasi";""
"VOLUX - SANTARCANGELO";"TOSI , 308";"SANTARCANGELO DI ROMAGNA";"RIMINI";"300";"Qualsiasi";""
"WORLD TRADE DISPLAY - RIMINI";"DELLA LONTRA, 43";"RIMINI";"RIMINI";"100";"Qualsiasi";""
"YACHT CLUB - DARSENA RIMINI";"ORTIGARA , 45/D";"RIMINI";"RIMINI";"100";"Qualsiasi";""
"ZEITGROUP - RIMINI";"DELLA REPUBBLICA, 100";"RIMINI";"RIMINI";"100";"Qualsiasi";""
"ZUCCHETTI - MISANO";"NAZIONALE ADRIATICA, 42";"MISANO ADRIATICO";"RIMINI";"100";"Qualsiasi";""
"ZUCCHETTI - RICCIONE";"CECCARINI, 190";"RICCIONE";"RIMINI";"200";"Qualsiasi";""
